n,dits,k,instance_index,seed,matrix_cost,matrix_time,tau,target_reached,time_to_target,final_cost,target_difference,time_ratio,ratio_lower_bound,status,nodes,best_bound,gap
500,2,2,0,0,-2324.1131535707987,0.07913708686828613,2233.830790368868,True,0.29020006700000067,-2324.1131535707987,0.0,3.667055213733135,,optimal,1,-2324.113153570801,0.0
500,2,2,1,1,-2317.9991954760553,0.07658600807189941,2233.830790368868,True,0.2311296429999743,-2317.9991954760553,0.0,3.0179095218409655,,optimal,1,-2317.99919547606,0.0
500,2,2,2,2,-2232.8843502589707,0.07115364074707031,2233.830790368868,True,0.225885624,-2232.8843502589707,0.0,3.174617934210213,,optimal,1,-2232.884350258972,0.0
500,2,2,3,3,-2301.8517034264387,0.0739893913269043,2233.830790368868,True,0.25764178299999685,-2301.8517034264387,0.0,3.48214491806898,,optimal,1,-2301.8517034264382,0.0
500,2,2,4,4,-2130.5637096612477,0.07216787338256836,2233.830790368868,True,0.2211962709999966,-2130.5637096612477,0.0,3.0650240977368886,,optimal,1,-2130.5637096612495,0.0
500,2,2,5,5,-2653.069415639836,0.07165956497192383,2233.830790368868,True,0.23120000000000118,-2653.069415639836,0.0,3.226366223275081,,optimal,1,-2653.0694156398354,0.0
500,2,2,6,6,-2493.833295614305,0.07682442665100098,2233.830790368868,True,0.2384720219999963,-2493.833295614305,0.0,3.1041171720464655,,optimal,1,-2493.8332956143045,0.0
500,2,2,7,7,-2606.9571802889564,0.07698941230773926,2233.830790368868,True,0.2257580660000258,-2606.9571802889564,0.0,2.9323261372308433,,optimal,1,-2606.9571802889523,0.0
500,2,2,8,8,-2542.187970118411,0.07985615730285645,2233.830790368868,True,0.325486246999958,-2542.187970118411,0.0,4.075906705171692,,optimal,1,-2542.1879701184107,0.0
500,2,2,9,9,-2466.7063507606194,0.07486176490783691,2233.830790368868,True,0.18182685400000764,-2466.7063507606194,0.0,2.428834722556388,,optimal,1,-2466.7063507606185,0.0
500,2,2,10,10,-2308.6338664331115,0.07591819763183594,2233.830790368868,True,0.2239855059999627,-2308.6338664331115,0.0,2.950353314315716,,optimal,1,-2308.6338664331124,0.0
500,2,2,11,11,-2430.3642535324475,0.07796812057495117,2233.830790368868,True,0.20952445599999692,-2430.3642535324475,0.0,2.687309306097483,,optimal,1,-2430.364253532447,0.0
500,2,2,12,12,-2289.0008005334257,0.07535290718078613,2233.830790368868,True,0.2003030729999864,-2289.0008005334257,0.0,2.658199669979829,,optimal,1,-2289.0008005334266,0.0
500,2,2,13,13,-1972.6726614336346,0.07337713241577148,2233.830790368868,True,0.2593664510000053,-1972.6726614336346,0.0,3.5347041027765456,,optimal,1,-1972.672661433633,0.0
500,2,2,14,14,-2356.4950856845558,0.0712728500366211,2233.830790368868,True,0.19350508099995523,-2356.4950856845558,0.0,2.7149900824862385,,optimal,1,-2356.4950856845558,0.0
500,2,2,15,15,-2158.528700618138,0.07511591911315918,2233.830790368868,True,0.2256494349999798,-2158.528700618138,0.0,3.0040161614750103,,optimal,1,-2158.528700618137,0.0
500,2,2,16,16,-2297.332042229625,0.07257652282714844,2233.830790368868,True,0.2444783969999662,-2297.332042229625,0.0,3.3685603481201096,,optimal,1,-2297.3320422296233,0.0
500,2,2,17,17,-2212.93620918152,0.07412505149841309,2233.830790368868,True,0.2353993040000546,-2212.93620918152,0.0,3.1757050989043045,,optimal,1,-2212.9362091815233,0.0
500,2,2,18,18,-2134.7185128178376,0.07174229621887207,2233.830790368868,True,0.2939162590000137,-2134.7185128178376,0.0,4.096833729761468,,optimal,1,-2134.718512817836,0.0
500,2,2,19,19,-2286.694847793114,0.07416033744812012,2233.830790368868,True,0.2107535979999966,-2286.694847793114,0.0,2.8418640644324493,,optimal,1,-2286.694847793112,0.0
500,2,2,20,20,-2433.0712013572147,0.0708475112915039,2233.830790368868,True,0.199381322000022,-2433.0712013572147,0.0,2.8142318391349335,,optimal,1,-2433.0712013572133,0.0
500,2,2,21,21,-2190.931215796393,0.07486724853515625,2233.830790368868,True,0.21748779699998977,-2190.931215796393,0.0,2.9049791631899176,,optimal,1,-2190.931215796394,0.0
500,2,2,22,22,-2368.815881052755,0.0764627456665039,2233.830790368868,True,0.21115909999997484,-2368.815881052755,0.0,2.761594527627295,,optimal,1,-2368.815881052757,0.0
500,2,2,23,23,-2366.9681650976895,0.0732121467590332,2233.830790368868,True,0.2148097630000052,-2366.9681650976895,0.0,2.934072725759829,,optimal,1,-2366.968165097694,0.0
500,2,2,24,24,-2117.4517931287332,0.07524490356445312,2233.830790368868,True,0.20177574199999526,-2117.4517931287332,0.0,2.6815868243775287,,optimal,1,-2117.4517931287337,0.0
500,2,2,25,25,-2286.8922630192856,0.0724186897277832,2233.830790368868,True,0.22884764600001972,-2286.8922630192856,0.0,3.1600633325491256,,optimal,1,-2286.892263019288,0.0
500,2,2,26,26,-2258.0621232813237,0.07315468788146973,2233.830790368868,True,0.21255282299995315,-2258.0621232813237,0.0,2.9055256628850077,,optimal,1,-2258.062123281323,0.0
500,2,2,27,27,-2280.7034841102627,0.07880616188049316,2233.830790368868,True,0.2904742650000003,-2280.7034841102627,0.0,3.685933410137326,,optimal,1,-2280.7034841102645,0.0
500,2,2,28,28,-2474.4820807923056,0.07472085952758789,2233.830790368868,True,0.22539735499998415,-2474.4820807923056,0.0,3.0165251902216754,,optimal,1,-2474.482080792305,0.0
500,2,2,29,29,-2268.9218751145877,0.06911110877990723,2233.830790368868,True,0.22543410800000174,-2268.9218751145877,0.0,3.261908425140801,,optimal,1,-2268.921875114586,0.0
500,2,2,30,30,-2305.803252359634,0.06958794593811035,2233.830790368868,True,0.2247034289999874,-2305.803252359634,0.0,3.2290567852057683,,optimal,1,-2305.8032523596357,0.0
500,2,2,31,31,-2308.0135862007023,0.06885981559753418,2233.830790368868,True,0.19431759899998724,-2308.0135862007023,0.0,2.8219302842127507,,optimal,1,-2308.0135862007046,0.0
500,2,2,32,32,-2424.0281581788904,0.07007741928100586,2233.830790368868,True,0.2099717520000013,-2424.0281581788904,0.0,2.996282599363831,,optimal,1,-2424.02815817889,0.0
500,2,2,33,33,-2517.2570296207928,0.07267928123474121,2233.830790368868,True,0.20768150199995716,-2517.2570296207928,0.0,2.8575062723746907,,optimal,1,-2517.257029620794,0.0
500,2,2,34,34,-2180.6746502897668,0.08286881446838379,2233.830790368868,True,0.19204585799997176,-2180.6746502897668,0.0,2.3174683894294317,,optimal,1,-2180.674650289767,0.0
500,2,2,35,35,-2398.269660399382,0.07165026664733887,2233.830790368868,True,0.20298437600001762,-2398.269660399382,0.0,2.832988424161804,,optimal,1,-2398.2696603993786,0.0
500,2,2,36,36,-2411.5208753186544,0.06807398796081543,2233.830790368868,True,0.21059617400004527,-2411.5208753186544,0.0,3.093636502113966,,optimal,1,-2411.5208753186575,0.0
500,2,2,37,37,-2304.8148541999535,0.1385495662689209,2233.830790368868,True,0.20988409599999613,-2304.8148541999535,0.0,1.5148664961723293,,optimal,1,-2304.8148541999585,0.0
500,2,2,38,38,-2095.5392070343673,0.0745093822479248,2233.830790368868,True,0.2213797939999722,-2095.5392070343673,0.0,2.9711666815777145,,optimal,1,-2095.539207034367,0.0
500,2,2,39,39,-2619.4717921851134,0.0721120834350586,2233.830790368868,True,0.21565078599996923,-2619.4717921851134,0.0,2.9904944598387058,,optimal,1,-2619.4717921851066,0.0
500,2,2,40,40,-2424.640286715341,0.07413125038146973,2233.830790368868,True,0.19703114299994695,-2424.640286715341,0.0,2.6578688742743504,,optimal,1,-2424.6402867153406,0.0
500,2,2,41,41,-2301.991959531654,0.07482361793518066,2233.830790368868,True,0.1984199290000106,-2301.991959531654,0.0,2.6518355363663493,,optimal,1,-2301.9919595316574,0.0
500,2,2,42,42,-2177.94087368934,0.07651114463806152,2233.830790368868,True,0.1980515800000262,-2177.94087368934,0.0,2.5885324410831347,,optimal,1,-2177.9408736893424,0.0
500,2,2,43,43,-2271.5743704297392,0.07330513000488281,2233.830790368868,True,0.23691007200000058,-2271.5743704297392,0.0,3.2318348249872844,,optimal,1,-2271.5743704297356,0.0
500,2,2,44,44,-2389.562027759879,0.07708382606506348,2233.830790368868,True,0.21582286699998576,-2389.562027759879,0.0,2.799846323375516,,optimal,1,-2389.562027759881,0.0
500,2,2,45,45,-2290.464937399959,0.07225322723388672,2233.830790368868,True,0.2034048589999884,-2290.464937399959,0.0,2.815166419370561,,optimal,1,-2290.46493739996,0.0
500,2,2,46,46,-2421.5547712471302,0.07348227500915527,2233.830790368868,True,0.26305008700001054,-2421.5547712471302,0.0,3.5797760339787614,,optimal,1,-2421.5547712471325,0.0
500,2,2,47,47,-2385.912439040184,0.07529807090759277,2233.830790368868,True,0.21265101800003094,-2385.912439040184,0.0,2.824123054374133,,optimal,1,-2385.9124390401857,0.0
500,2,2,48,48,-1957.185341968081,0.07334518432617188,2233.830790368868,True,0.2223602279999568,-1957.185341968081,0.0,3.031694991877083,,optimal,1,-1957.185341968081,0.0
500,2,2,49,49,-2573.532466481159,0.07351374626159668,2233.830790368868,True,0.22027857099999437,-2573.532466481159,0.0,2.996426956886934,,optimal,1,-2573.5324664811565,0.0
500,2,4,0,0,-2734.1159606349315,0.08172178268432617,1728.5832349065518,True,1.5107320130000517,-2734.1159606349315,0.0,18.486283135008048,,optimal,1,-2734.115960634931,0.0
500,2,4,1,1,-2870.616742651981,0.0825505256652832,1728.5832349065518,True,1.199630343000024,-2870.616742651981,0.0,14.532073942983152,,optimal,1,-2870.6167426519787,0.0
500,2,4,2,2,-2786.115967108464,0.08040928840637207,1728.5832349065518,True,1.7291302069999688,-2786.115967108464,0.0,21.504110299562644,,optimal,1,-2786.1159671084642,0.0
500,2,4,3,3,-2808.936173915723,0.08789372444152832,1728.5832349065518,True,1.6499701140000411,-2808.936173915723,0.0,18.772331295366723,,optimal,1,-2808.9361739157266,0.0
500,2,4,4,4,-2688.4361307155505,0.0912330150604248,1728.5832349065518,True,1.4321589670000208,-2688.4361307155505,0.0,15.697814722570369,,optimal,1,-2688.4361307155505,0.0
500,2,4,5,5,-3012.234702029298,0.07579660415649414,1728.5832349065518,True,1.3626807649999932,-3012.2587407924248,-0.02403876312655484,17.97812422026879,,optimal,1,-3012.258740792422,0.0
500,2,4,6,6,-2913.6201905992825,0.07909274101257324,1728.5832349065518,True,1.6145412089999809,-2913.6201905992825,0.0,20.41326660740358,,optimal,1,-2913.6201905992875,0.0
500,2,4,7,7,-3224.2767385393095,0.09417963027954102,1728.5832349065518,True,1.3250799019999704,-3224.2767385393095,0.0,14.069708046919594,,optimal,1,-3224.2767385393095,0.0
500,2,4,8,8,-3077.707480847456,0.09150910377502441,1728.5832349065518,True,1.6011950490000117,-3077.707480847456,0.0,17.497658516430864,,optimal,1,-3077.7074808474586,0.0
500,2,4,9,9,-2836.8125582385583,0.16744780540466309,1728.5832349065518,True,1.529253553999979,-2836.8125582385583,0.0,9.13271780603099,,optimal,1,-2836.8125582385624,0.0
500,2,4,10,10,-2783.549994923542,0.08359527587890625,1728.5832349065518,True,1.3282290020000005,-2783.549994923542,0.0,15.888804576995899,,optimal,1,-2783.5499949235473,0.0
500,2,4,11,11,-2802.8714728766963,0.07792973518371582,1728.5832349065518,True,1.3713365579999959,-2802.8714728766963,0.0,17.59708992680563,,optimal,1,-2802.8714728766968,0.0
500,2,4,12,12,-2778.0109811868997,0.08024024963378906,1728.5832349065518,True,1.279404741999997,-2778.0109811868997,0.0,15.94467549439479,,optimal,1,-2778.010981186897,0.0
500,2,4,13,13,-2709.8893886295123,0.07486176490783691,1728.5832349065518,True,1.4066610550000291,-2709.8893886295123,0.0,18.79011344084372,,optimal,1,-2709.889388629516,0.0
500,2,4,14,14,-2702.683641986833,0.07954216003417969,1728.5832349065518,True,1.5202460670000164,-2702.683641986833,0.0,19.112456417411327,,optimal,1,-2702.6836419868364,0.0
500,2,4,15,15,-2765.741470149688,0.0784912109375,1728.5832349065518,True,1.3096382140000173,-2765.741470149688,0.0,16.685157463589647,,optimal,1,-2765.741470149692,0.0
500,2,4,16,16,-2672.667928235358,0.08243632316589355,1728.5832349065518,True,1.632223204000013,-2672.667928235358,0.0,19.79980597527807,,optimal,1,-2672.6679282353557,0.0
500,2,4,17,17,-2675.97542015281,0.08240985870361328,1728.5832349065518,True,1.7337863280000079,-2675.97542015281,0.0,21.03857906413313,,optimal,1,-2675.975420152808,0.0
500,2,4,18,18,-2788.877751102482,0.08346700668334961,1728.5832349065518,True,1.2894912190000127,-2788.877751102482,0.0,15.449113011707492,,optimal,1,-2788.8777511024828,0.0
500,2,4,19,19,-2791.2752363888703,0.08406782150268555,1728.5832349065518,True,1.5876883370000314,-2791.2752363888703,0.0,18.885803255283744,,optimal,1,-2791.2752363888612,0.0
500,2,4,20,20,-3016.3010536637707,0.08245491981506348,1728.5832349065518,True,1.4327943600000026,-3016.3010536637707,0.0,17.376699452423082,,optimal,1,-3016.301053663781,0.0
500,2,4,21,21,-2520.159099331442,0.08097362518310547,1728.5832349065518,True,1.6380694510000353,-2520.159099331442,0.0,20.229666725379687,,optimal,1,-2520.1590993314467,0.0
500,2,4,22,22,-2757.4920929712193,0.08282852172851562,1728.5832349065518,True,1.731309361000001,-2757.5532676583816,-0.061174687162292685,20.902333216505514,,optimal,1,-2757.553267658386,0.0
500,2,4,23,23,-2938.8321753775735,0.08144354820251465,1728.5832349065518,True,1.3255731000000424,-2938.8321753775735,0.0,16.275974331372684,,optimal,1,-2938.8321753775745,0.0
500,2,4,24,24,-2515.4984546437363,0.07544255256652832,1728.5832349065518,True,1.1805349069999806,-2515.4984546437363,0.0,15.648130489208153,,optimal,1,-2515.4984546437286,0.0
500,2,4,25,25,-2901.014992260451,0.08069849014282227,1728.5832349065518,True,1.2212773109999944,-2901.014992260451,0.0,15.133830990375984,,optimal,1,-2901.0149922604523,0.0
500,2,4,26,26,-2793.6273191861837,0.07818126678466797,1728.5832349065518,True,1.3503150739999796,-2793.6273191861837,0.0,17.271593689049666,,optimal,1,-2793.627319186185,0.0
500,2,4,27,27,-2650.0632847550296,0.0865778923034668,1728.5832349065518,True,1.671769755000014,-2650.0632847550296,0.0,19.309430046416967,,optimal,1,-2650.0632847550323,0.0
500,2,4,28,28,-2950.897959896494,0.08295559883117676,1728.5832349065518,True,2.0526178570000297,-2950.897959896494,0.0,24.743572295551985,,optimal,1,-2950.8979598964975,0.0
500,2,4,29,29,-2720.239444304081,0.08559489250183105,1728.5832349065518,True,1.6012977640000372,-2720.239444304081,0.0,18.70786582231857,,optimal,1,-2720.2394443040844,0.0
500,2,4,30,30,-2707.6584949338526,0.08457756042480469,1728.5832349065518,True,2.1492499610000095,-2707.6584949338526,0.0,25.411586125268318,,optimal,1,-2707.6584949338558,0.0
500,2,4,31,31,-2710.9121892864164,0.08073949813842773,1728.5832349065518,True,1.4226185559999749,-2710.9121892864164,0.0,17.61985879031472,,optimal,1,-2710.912189286415,0.0
500,2,4,32,32,-2843.784444320554,0.09171724319458008,1728.5832349065518,True,1.3803928579999933,-2843.8336043516174,-0.04916003106336575,15.050527141024732,,optimal,1,-2843.833604351616,0.0
500,2,4,33,33,-2994.676982866624,0.07903838157653809,1728.5832349065518,True,1.293364739000026,-2994.676982866624,0.0,16.36375534521257,,optimal,1,-2994.6769828666256,0.0
500,2,4,34,34,-2644.105215328367,0.08306765556335449,1728.5832349065518,True,1.6408988489999956,-2644.105215328367,0.0,19.753763819041527,,optimal,1,-2644.105215328371,0.0
500,2,4,35,35,-3220.296377866149,0.08489012718200684,1728.5832349065518,True,1.163953399000036,-3220.296377866149,0.0,13.711292910475759,,optimal,1,-3220.296377866149,0.0
500,2,4,36,36,-2847.841174778751,0.08078241348266602,1728.5832349065518,True,1.6387339179999572,-2847.841174778751,0.0,20.285775670116497,,optimal,1,-2847.8411747787504,0.0
500,2,4,37,37,-2891.866144605169,0.08580780029296875,1728.5832349065518,True,1.4639341739999736,-2891.866144605169,0.0,17.060618836536367,,optimal,1,-2891.86614460517,0.0
500,2,4,38,38,-2538.8518306988794,0.08895230293273926,1728.5832349065518,True,1.498617548000027,-2538.8604466218403,-0.008615922960871103,16.847428324966444,,optimal,1,-2538.8604466218417,0.0
500,2,4,39,39,-3350.3246528730187,0.0797574520111084,1728.5832349065518,True,1.633976232000009,-3350.3246528730187,0.0,20.4868158497896,,optimal,1,-3350.324652873018,0.0
500,2,4,40,40,-2813.4600612830163,0.08026432991027832,1728.5832349065518,True,1.45578014299997,-2813.4600612830163,0.0,18.13732382276512,,optimal,1,-2813.4600612830136,0.0
500,2,4,41,41,-2839.8861772399605,0.08886909484863281,1728.5832349065518,True,1.3490161219999663,-2839.8861772399605,0.0,15.179811657783752,,optimal,1,-2839.8861772399623,0.0
500,2,4,42,42,-2696.15554825529,0.07892894744873047,1728.5832349065518,True,1.5338173100000176,-2696.15554825529,0.0,19.432886913845298,,optimal,1,-2696.1555482552913,0.0
500,2,4,43,43,-2924.014038060733,0.07998991012573242,1728.5832349065518,True,1.0757154279999668,-2924.014038060733,0.0,13.448138975392018,,optimal,1,-2924.014038060728,0.0
500,2,4,44,44,-3065.094711284657,0.07971906661987305,1728.5832349065518,True,1.6161556460000384,-3065.094711284657,0.0,20.273138090118447,,optimal,1,-3065.0947112846566,0.0
500,2,4,45,45,-2882.4269806424786,0.08135557174682617,1728.5832349065518,True,1.762826718000042,-2882.4269806424786,0.0,21.66817441202253,,optimal,1,-2882.4269806424804,0.0
500,2,4,46,46,-3108.10512729296,0.07582497596740723,1728.5832349065518,True,1.5512347220000038,-3108.1249783631847,-0.019851070224831346,20.458097113895427,,optimal,1,-3108.124978363181,0.0
500,2,4,47,47,-2727.961227960911,0.08840608596801758,1728.5832349065518,True,1.1915894510000271,-2727.961227960911,0.0,13.478590732216164,,optimal,1,-2727.961227960919,0.0
500,2,4,48,48,-2510.5189710283785,0.07778072357177734,1728.5832349065518,True,1.5207228869999767,-2510.5199052374146,-0.0009342090361315059,19.551410904484943,,optimal,1,-2510.5199052374146,0.0
500,2,4,49,49,-3219.602477131321,0.08321046829223633,1728.5832349065518,True,1.1308496539999737,-3219.65777710302,-0.05529997169924172,13.590233022465561,,optimal,1,-3219.657777103023,0.0
500,4,4,0,0,-22793.104279387557,0.18341422080993652,192.06480387850576,False,,-22650.529207911182,142.57507147637443,,327.128396778869,timelimit,1618,-23563.06357474181,0.04028755170995783
500,4,4,1,1,-24239.418170474943,0.19251680374145508,192.06480387850576,True,36.65995917700002,-24239.418170474943,0.0,190.4247237879212,,userinterrupt,95,-24525.93034952453,0.01182007161509707
500,4,4,2,2,-23047.348618607015,0.18541502952575684,192.06480387850576,False,,-11611.050822845018,11436.297795761997,,323.59836283749115,timelimit,1,-23825.283234855677,1.0519489233462713
500,4,4,3,3,-23776.05379941464,0.19923877716064453,192.06480387850576,False,,-11009.13109527285,12766.922704141789,,301.14619681500307,timelimit,1,-24494.560969707563,1.2249313554114298
500,4,4,4,4,-22633.57440546019,0.18180274963378906,192.06480387850576,False,,-20514.280951665325,2119.293453794864,,330.02801179223013,timelimit,34,-23548.384414212513,0.1479020182726926
500,4,4,5,5,-24566.847104656696,0.20464181900024414,192.06480387850576,False,,-11774.089554158822,12792.757550497874,,293.1952046415714,timelimit,1,-25586.962115100952,1.1731584423071746
500,4,4,6,6,-24700.7158016513,0.1972026824951172,192.06480387850576,False,,-11125.137146603225,13575.578655048073,,304.2554961263553,timelimit,378,-25571.546257372956,1.4516823032946085
500,4,4,7,7,-26631.291474347334,0.19276142120361328,192.06480387850576,False,,-22978.22367813624,3653.067796211093,,311.2656029684601,timelimit,629,-27052.939252572025,0.17732944162750522
500,4,4,8,8,-25893.81123098631,0.21874618530273438,192.06480387850576,False,,-25886.958718441136,6.85251254517425,,274.2904975323928,timelimit,1278,-25987.15175694849,0.003870405897796209
500,4,4,9,9,-23929.641856293583,0.18589043617248535,192.06480387850576,False,,-23875.224020284677,54.417836008906306,,322.77077420124385,timelimit,295,-24573.039935556888,0.02922761749499573
500,4,4,10,10,-23080.95715183719,0.20566678047180176,192.06480387850576,True,56.378685088,-23080.95715183719,0.0,274.12635603409893,,userinterrupt,1006,-23171.337332806626,0.003915773807907041
500,4,4,11,11,-23834.94118192387,0.21709251403808594,192.06480387850576,False,,-23800.601694702473,34.339487221397576,,276.37986627891655,timelimit,681,-24367.197252295835,0.02380593395852681
500,4,4,12,12,-23820.746976591967,0.20128917694091797,192.06480387850576,False,,-23780.97950227271,39.767474319258326,,298.0786195852502,timelimit,990,-24181.648061361808,0.016848255255521853
500,4,4,13,13,-23796.34031069135,0.20917129516601562,192.06480387850576,False,,-22309.97011327539,1486.3701974159594,,286.8462422263965,timelimit,24,-24455.69753623539,0.09617797043550934
500,4,4,14,14,-24145.501472747048,0.199005126953125,192.06480387850576,False,,-11517.99385237077,12627.507620376278,,301.49976997393037,timelimit,1,-24838.35533427614,1.1564827740521502
500,4,4,15,15,-23419.112033434783,0.20844435691833496,192.06480387850576,False,,-23362.212284540314,56.89974889446967,,287.8466027435178,timelimit,375,-24029.778590786336,0.028574596617824834
500,4,4,16,16,-22979.69360784032,0.1994154453277588,192.06480387850576,False,,-9773.912823937337,13205.780783902983,,300.8794023019838,timelimit,1,-23808.83519328127,1.4359573921071747
500,4,4,17,17,-23219.062660597545,0.41121649742126465,192.06480387850576,False,,-23080.386560801886,138.67609979565896,,145.90854300899773,timelimit,1252,-23743.76594698879,0.02874212743327578
500,4,4,18,18,-24366.46293437058,0.18455219268798828,192.06480387850576,False,,-24307.953151712634,58.509782657944015,,325.1112822129322,timelimit,428,-24733.064671248983,0.01748855516411645
500,4,4,19,19,-23789.035575715916,0.1984260082244873,192.06480387850576,False,,-18950.995215880503,4838.040359835413,,302.3797159297767,timelimit,13,-24619.12429369578,0.2990940287261175
500,4,4,20,20,-26192.088499064193,0.18532252311706543,192.06480387850576,False,,-25849.51489439062,342.57360467357285,,323.75989162471586,timelimit,40,-26501.776295354088,0.025233000422200103
500,4,4,21,21,-21224.357607286733,0.17774367332458496,192.06480387850576,False,,-20674.784779871075,549.5728274156572,,337.5647575957967,timelimit,689,-22169.662254559353,0.0723044331472558
500,4,4,22,22,-23500.365688042777,0.21519017219543457,192.06480387850576,False,,-1251.521720493585,22248.843967549194,,278.82314228322804,timelimit,2,-24377.72067564086,18.478463918330213
500,4,4,23,23,-25358.504490911128,0.1913285255432129,192.06480387850576,False,,-25346.452435838535,12.052055072592339,,313.5967301773231,timelimit,1072,-25514.445688583593,0.006627880295269799
500,4,4,24,24,-22188.718194251513,0.19387531280517578,192.06480387850576,False,,-9540.795361952558,12647.922832298955,,309.47725696408634,timelimit,1,-22659.35745088364,1.374996694850639
500,4,4,25,25,-25328.715102930928,0.17829155921936035,192.06480387850576,False,,-25269.94129906382,58.773803867108654,,336.5274287953207,timelimit,558,-25551.89479492667,0.01115764113106886
500,4,4,26,26,-23909.41336137006,0.20223402976989746,192.06480387850576,False,,-10039.915497642167,13869.497863727895,,296.6859735142903,timelimit,1,-24606.949806644094,1.4509120432759564
500,4,4,27,27,-21219.545818315517,0.15620994567871094,192.06480387850576,False,,-21164.253698349985,55.29211996553204,,384.0984627406928,timelimit,1016,-22139.61111591142,0.046085131631052705
500,4,4,28,28,-24156.020525484004,0.20189237594604492,192.06480387850576,False,,0.0,24156.020525484004,,297.18804248474845,timelimit,1,-25144.710625157084,1e+20
500,4,4,29,29,-23215.93315574283,0.19774889945983887,192.06480387850576,False,,-23146.248115198723,69.68504054410732,,303.4150893577311,timelimit,521,-23923.584765499814,0.03358367652960056
500,4,4,30,30,-23330.34017376449,0.19324398040771484,192.06480387850576,False,,0.0,23330.34017376449,,310.48832607054203,timelimit,1,-24206.64112481667,1e+20
500,4,4,31,31,-22115.309791713098,0.22090625762939453,192.06480387850576,False,,0.0,22115.309791713098,,271.6084217978993,timelimit,1,-23023.808933005603,1e+20
500,4,4,32,32,-24357.276472867823,0.19912266731262207,192.06480387850576,False,,-24315.751932133026,41.52454073479748,,301.32179731100206,timelimit,913,-24685.122455690216,0.01573091329760123
500,4,4,33,33,-24369.224756725293,0.1732470989227295,192.06480387850576,False,,-22566.133124429885,1803.0916322954072,,346.3261455636888,timelimit,67,-25043.456164559786,0.10978058787433839
500,4,4,34,34,-22432.949013481302,0.20084500312805176,192.06480387850576,False,,-19811.58233897082,2621.366674510482,,298.7378280043447,timelimit,25,-23488.640545627728,0.18560145110690518
500,4,4,35,35,-26845.357845260714,0.19913244247436523,192.06480387850576,False,,-25989.857336446603,855.5005088141115,,301.30700580205024,timelimit,221,-27249.047141350202,0.048449254819533265
500,4,4,36,36,-23189.650394452045,0.18343091011047363,192.06480387850576,False,,-22610.963792663533,578.6866017885113,,327.09863328849116,timelimit,705,-23802.10168842595,0.05267968661393163
500,4,4,37,37,-24172.058730077613,0.1964867115020752,192.06480387850576,False,,-11634.907027147476,12537.151702930138,,305.3641619899894,timelimit,1,-24750.203834466993,1.1272369239150666
500,4,4,38,38,-21427.18831527254,0.20090079307556152,192.06480387850576,False,,-21033.482037632963,393.706277639576,,298.6548688109618,timelimit,1323,-22206.78141476506,0.05578246031887947
500,4,4,39,39,-27702.51748906462,0.19534826278686523,192.06480387850576,False,,-27648.49812840783,54.019360656788194,,307.14376029779703,timelimit,1595,-28087.19073292601,0.01586675782900534
500,4,4,40,40,-24339.439900977406,0.21231770515441895,192.06480387850576,False,,-24312.575496243415,26.86440473399125,,282.5953679009573,timelimit,793,-24713.384589989524,0.016485669850772176
500,4,4,41,41,-23458.76653227488,0.21141910552978516,192.06480387850576,False,,-23210.422031951544,248.34450032333552,,283.7964896769799,timelimit,670,-23709.753813132655,0.021513234563943943
500,4,4,42,42,-22597.065342856276,0.1908576488494873,192.06480387850576,False,,-22519.78247950101,77.28286335526718,,314.37042403952455,timelimit,371,-23198.31157265989,0.030130334689696843
500,4,4,43,43,-25020.503100053556,0.20444178581237793,192.06480387850576,False,,-24971.867463175855,48.63563687770147,,293.48207736291107,timelimit,130,-25373.2531463728,0.016073492484641575
500,4,4,44,44,-25738.58334831016,0.18430733680725098,192.06480387850576,False,,-23058.018571947658,2680.564776362502,,325.5431988730223,timelimit,415,-26372.28061592738,0.14373576956052234
500,4,4,45,45,-24429.145260958157,0.19785189628601074,192.06480387850576,False,,-24033.11906634579,396.0261946123683,,303.25713893216977,timelimit,621,-25061.286376412354,0.042781260997464744
500,4,4,46,46,-25581.183078205428,0.19296598434448242,192.06480387850576,False,,0.0,25581.183078205428,,310.935630462663,timelimit,1,-26203.988394977823,1e+20
500,4,4,47,47,-22756.01752623602,0.2061011791229248,192.06480387850576,False,,-21175.93988806977,1580.0776381662508,,291.1191496105621,timelimit,400,-23234.302202887375,0.09720289270751928
500,4,4,48,48,-20871.719300837765,0.1791069507598877,192.06480387850576,False,,-20748.933771953787,122.78552888397826,,334.99537424673434,timelimit,1165,-21580.549699015577,0.04007992971308116
500,4,4,49,49,-27331.21459455363,0.1893160343170166,192.06480387850576,False,,-27315.39737588001,15.817218673619209,,316.93036575828444,timelimit,871,-27559.3379203751,0.008930495820453643
500,6,4,0,0,-62922.257997467335,0.3828277587890625,69.14332939626206,False,,-62781.923701274776,140.33429619255912,,156.72844672964249,timelimit,1152,-65508.280428500555,0.04342582332511724
500,6,4,1,1,-66844.69850226791,0.39331746101379395,69.14332939626206,False,,-66805.39944977504,39.29905249287549,,152.54852872625392,timelimit,458,-67447.90944302852,0.00961764842306995
500,6,4,2,2,-63479.809777818504,0.3567829132080078,69.14332939626206,False,,-54120.68100330539,9359.128774513112,,168.1694884446987,timelimit,66,-65674.74388506425,0.21348702567436034
500,6,4,3,3,-65899.81632499097,0.3945960998535156,69.14332939626206,False,,-62985.36503294636,2914.451292044607,,152.05421447975175,timelimit,326,-67555.90618693133,0.07256515585857783
500,6,4,4,4,-62603.35658610173,0.4018115997314453,69.14332939626206,False,,-55634.46849297713,6968.888093124595,,149.3237130040586,timelimit,525,-64912.14148705444,0.16676124903863515
500,6,4,5,5,-67360.12814028097,0.3910543918609619,69.14332939626206,False,,-67207.4445877782,152.6835525027709,,153.4313416465421,timelimit,1252,-69821.99311950382,0.038902700680584455
500,6,4,6,6,-68222.91617272809,0.4318656921386719,69.14332939626206,False,,0.0,68222.91617272809,,138.93208257148157,timelimit,1,-71477.2627815027,1e+20
500,6,4,7,7,-73245.71517063183,0.4101533889770508,69.14332939626206,False,,-72648.68520670183,597.0299639299919,,146.2867347009954,timelimit,580,-75091.99231712475,0.03363181403152401
500,6,4,8,8,-71440.15527772058,0.3794705867767334,69.14332939626206,False,,-71324.26548084656,115.88979687402025,,158.11502153473046,timelimit,609,-71944.68232951619,0.008698549961954254
500,6,4,9,9,-66215.65765193994,0.40235328674316406,69.14332939626206,False,,-28258.22105436304,37957.4365975769,,149.1226789413555,timelimit,1,-68905.67869748455,1.4384294596933065
500,6,4,10,10,-63446.0390068331,0.40055370330810547,69.14332939626206,False,,-62441.326160945966,1004.7128458871375,,149.79264828778295,timelimit,747,-64318.26701464969,0.03005928707791076
500,6,4,11,11,-65904.43228127611,0.4204568862915039,69.14332939626206,False,,-62527.87934575277,3376.5529355233375,,142.70190822466833,timelimit,1191,-67676.87102969745,0.08234714780828063
500,6,4,12,12,-66071.30030529766,0.3961644172668457,69.14332939626206,False,,-65857.61277546431,213.68752983334707,,151.45226927229461,timelimit,842,-67423.7617341669,0.02378084443344431
500,6,4,13,13,-66516.18798348696,0.3883097171783447,69.14332939626206,False,,-66267.77517995946,248.41280352750618,,154.5158345147539,timelimit,665,-68125.63504533189,0.0280356450385158
500,6,4,14,14,-67597.59155057582,0.3889336585998535,69.14332939626206,False,,-66429.73879327923,1167.8527572965831,,154.26795463266856,timelimit,1028,-68846.41463124553,0.03637942636476576
500,6,4,15,15,-65027.360702607315,0.38878870010375977,69.14332939626206,False,,-63647.61864609235,1379.742056514966,,154.32547289565574,timelimit,877,-66550.9220186078,0.04561528514688298
500,6,4,16,16,-63872.52236861982,0.3976433277130127,69.14332939626206,False,,-61050.17603464404,2822.34633397578,,150.88898975139656,timelimit,801,-65752.69042953507,0.07702705177106436
500,6,4,17,17,-64434.6686475895,0.4476127624511719,69.14332939626206,False,,-64257.28448423756,177.38416335193324,,134.0444353539744,timelimit,1430,-66082.17770624645,0.028399792295876882
500,6,4,18,18,-67786.93029463473,0.33019351959228516,69.14332939626206,False,,-67424.54837320294,362.38192143179185,,181.71162194244917,timelimit,204,-69050.70546281106,0.02411815383888034
500,6,4,19,19,-65896.86004793594,0.39831066131591797,69.14332939626206,False,,-63158.90318581111,2737.9568621248327,,150.63618885262858,timelimit,62,-68211.42770191388,0.0799970308247595
500,6,4,20,20,-72681.65688874498,0.38538312911987305,69.14332939626206,False,,-72659.45313387371,22.203754871268757,,155.6892231816849,timelimit,1616,-73172.02903618207,0.007054497104389639
500,6,4,21,21,-58903.425410077725,0.3763458728790283,69.14332939626206,False,,-53471.10766896996,5432.317741107763,,159.4278144755589,timelimit,41,-62098.095843963696,0.16133924711111888
500,6,4,22,22,-65082.57000199507,0.37521815299987793,69.14332939626206,False,,-10472.943016263313,54609.62698573175,,159.9069755029137,timelimit,269,-67374.67247833802,5.43321293486584
500,6,4,23,23,-70271.84746110739,0.33435869216918945,69.14332939626206,True,35.7508955860003,-70274.11464892463,-2.267187817240483,106.9237810270831,,userinterrupt,347,-70970.68733993355,0.009912246114019982
500,6,4,24,24,-61842.75481014353,0.3844001293182373,69.14332939626206,False,,-55632.64835088677,6210.106459256764,,156.087356438757,timelimit,8,-63155.91974436821,0.13523123614654922
500,6,4,25,25,-70447.64061608867,0.3745288848876953,69.14332939626206,False,,-70286.61892259511,161.02169349355972,,160.20126196138744,timelimit,899,-71015.76066363354,0.010373812890940422
500,6,4,26,26,-66298.42930080644,0.40459418296813965,69.14332939626206,False,,-64721.25604865668,1577.1732521497615,,148.29674406051652,timelimit,1097,-67826.98282104045,0.04798619203193935
500,6,4,27,27,-58057.19868541692,0.3816089630126953,69.14332939626206,False,,-17622.793003854968,40434.405681561955,,157.22901141083506,timelimit,1,-61752.502685190724,2.5041268811182444
500,6,4,28,28,-66387.80556638006,0.40130066871643066,69.14332939626206,False,,0.0,66387.80556638006,,149.51383009630004,timelimit,1,-69768.3448781443,1e+20
500,6,4,29,29,-64528.6854205586,0.38577699661254883,69.14332939626206,False,,-63755.654442234685,773.0309783239136,,155.5302688518268,timelimit,932,-66803.11445164739,0.047799079405856974
500,6,4,30,30,-64907.54189859358,0.3634459972381592,69.14332939626206,False,,-64330.4031023273,577.1387962662848,,165.086423996804,timelimit,214,-67019.39902481146,0.041799747023572725
500,6,4,31,31,-60753.083060295074,0.37897753715515137,69.14332939626206,False,,0.0,60753.083060295074,,158.32072911338892,timelimit,1,-63691.88906544373,1e+20
500,6,4,32,32,-67490.16298100079,0.38091206550598145,69.14332939626206,False,,-67414.51642280951,75.64655819127802,,157.51666968149064,timelimit,896,-68612.1375620539,0.017765012795611282
500,6,4,33,33,-67114.31934897859,0.39728593826293945,69.14332939626206,False,,-65270.465763877284,1843.8535851013075,,151.0247260759822,timelimit,1246,-68862.51985597504,0.05503337304865135
500,6,4,34,34,-62024.49106141336,0.3759627342224121,69.14332939626206,False,,-58276.594302578145,3747.896758835217,,159.59028525552,timelimit,905,-64955.18379600695,0.11460157370530372
500,6,4,35,35,-73858.64623238053,0.3581986427307129,69.14332939626206,False,,-19828.795666473477,54029.85056590705,,167.50482230360345,timelimit,235,-75322.39646133648,4.1329209218188785
500,6,4,36,36,-63807.06457608469,0.3735506534576416,69.14332939626206,False,,-63251.73181921613,555.3327568685563,,160.62078715331077,timelimit,895,-65819.70891431553,0.04059933269887104
500,6,4,37,37,-66597.57209888585,0.38641905784606934,69.14332939626206,False,,-66195.98344893164,401.58864995421027,,155.27184485787214,timelimit,1036,-67840.87142890405,0.02484877868179592
500,6,4,38,38,-59432.42944628981,0.3593907356262207,69.14332939626206,False,,-55207.877898967854,4224.551547321957,,166.94921168586316,timelimit,575,-62012.88791111314,0.12326157554178412
500,6,4,39,39,-75988.58144762831,0.3801705837249756,69.14332939626206,False,,-75425.01466875886,563.5667788694554,,157.82388898191402,timelimit,284,-77270.36451942028,0.024465998437853995
500,6,4,40,40,-67813.78976399156,0.3761146068572998,69.14332939626206,False,,-67744.98699889227,68.80276509928808,,159.52584373508358,timelimit,1582,-68743.69858864752,0.014742221285282917
500,6,4,41,41,-64476.73669550721,0.4130570888519287,69.14332939626206,False,,-64298.06146741778,178.67522808942886,,145.25837134708658,timelimit,493,-65464.52046979019,0.01814141190914071
500,6,4,42,42,-62472.52606070174,0.3863213062286377,69.14332939626206,False,,-61544.168395872715,928.3576648290255,,155.31113358912185,timelimit,1475,-64367.55919567015,0.045875893579884496
500,6,4,43,43,-69211.21671445628,0.3804497718811035,69.14332939626206,False,,-67489.16869476646,1722.048019689828,,157.7080719573961,timelimit,1745,-70136.49480846908,0.03922594281475472
500,6,4,44,44,-70837.7611964937,0.43140339851379395,69.14332939626206,False,,-53682.63213185733,17155.129064636363,,139.0809627525026,timelimit,420,-73028.57140865565,0.36037612130110547
500,6,4,45,45,-67658.37123677506,0.4135417938232422,69.14332939626206,False,,-65073.13325064358,2585.2379861314766,,145.08811659709892,timelimit,821,-69608.85047808905,0.06970183752905662
500,6,4,46,46,-70247.28490427922,0.4047110080718994,69.14332939626206,False,,0.0,70247.28490427922,,148.25393627380808,timelimit,1,-72428.1066974898,1e+20
500,6,4,47,47,-62802.38377570485,0.3881855010986328,69.14332939626206,False,,-62744.16110121777,58.2226744870859,,154.56527827595187,timelimit,1044,-64814.43254587318,0.032995461735370636
500,6,4,48,48,-57644.020568643085,0.406235933303833,69.14332939626206,False,,-57243.14854544205,400.87202320103825,,147.6974218209413,timelimit,1091,-59824.99378260631,0.04510313832821503
500,6,4,49,49,-75570.94997843173,0.3878061771392822,69.14332939626206,False,,-75149.65740545126,421.29257298047014,,154.7164628542024,timelimit,1565,-76333.4611172751,0.01575261619504312
